season,option,bucket_kind,bucket,n,avg_pick_prob,win_rate,roi
2020,raw,probability,"[0.5, 0.55)",3520,0.5224481459287363,0.4921829762594094,-0.059245867768595036
2020,raw,probability,"[0.55, 0.6)",1306,0.5699498402345181,0.5085669781931464,-0.0286092162049283
2020,raw,probability,"[0.6, 0.65)",286,0.6199353986721737,0.5642857142857143,0.07565162110616656
2020,raw,probability,"[0.65, 0.7)",101,0.6679119351056799,0.47474747474747475,-0.0918091809180918
2020,raw,probability,"[0.7, 0.75)",41,0.7257990705679734,0.5384615384615384,0.026607538802660764
2020,raw,probability,"[0.75, 0.8)",20,0.7690571856780997,0.65,0.24090909090909088
2020,raw,probability,"[0.8, 0.85)",23,0.8210381190522519,0.8571428571428571,0.5810276679841895
2020,raw,probability,"[0.85, 1.01)",29,0.9132387062107354,0.8275862068965517,0.5799373040752349
2020,raw,edge,"[0.0, 0.02)",1287,0.5329884449401737,0.48415213946117275,-0.07423889242071059
2020,raw,edge,"[0.02, 0.04)",809,0.5529045294379551,0.5226130653266332,-0.0022474435329812295
2020,raw,edge,"[0.04, 0.06)",560,0.5728638810168079,0.5027322404371585,-0.03944805194805195
2020,raw,edge,"[0.06, 0.08)",282,0.5930738936546788,0.5035971223021583,-0.038039974210186976
2020,raw,edge,"[0.08, 0.1)",139,0.6129918681644858,0.5808823529411765,0.1066056245912361
2020,raw,edge,"[0.1, 0.15)",173,0.6456628038843814,0.5207100591715976,-0.005780346820809248
2020,raw,edge,"[0.15, 1.0)",146,0.7745546121384864,0.6524822695035462,0.23723536737235365
2020,const,probability,"[0.5, 0.55)",2524,0.5239955046749564,0.494758064516129,-0.05449502953464917
2020,const,probability,"[0.55, 0.6)",1581,0.5716987164549084,0.49032258064516127,-0.06267609683169453
2020,const,probability,"[0.6, 0.65)",673,0.6216121703255757,0.5037821482602118,-0.037552343644468446
2020,const,probability,"[0.65, 0.7)",281,0.6732714849740677,0.5563636363636364,0.06082174053704301
2020,const,probability,"[0.7, 0.75)",104,0.7226227845577243,0.5294117647058824,0.01048951048951048
2020,const,probability,"[0.75, 0.8)",59,0.7745043619562342,0.5689655172413793,0.08474576271186442
2020,const,probability,"[0.8, 0.85)",35,0.818378357834194,0.5428571428571428,0.036363636363636355
2020,const,probability,"[0.85, 1.01)",69,0.9262999049824001,0.8461538461538461,0.579710144927536
2020,const,edge,"[0.0, 0.02)",929,0.5334604898246577,0.5043572984749455,-0.03669634993639299
2020,const,edge,"[0.02, 0.04)",877,0.5532585353989926,0.47435897435897434,-0.09236031927023945
2020,const,edge,"[0.04, 0.06)",614,0.57310892814209,0.5165562913907285,-0.013621557595498966
2020,const,edge,"[0.06, 0.08)",465,0.5932232038029421,0.48464912280701755,-0.07331378299120235
2020,const,edge,"[0.08, 0.1)",317,0.6131570745234972,0.4887459807073955,-0.06567249784915401
2020,const,edge,"[0.1, 0.15)",429,0.6449410072667607,0.5274463007159904,0.0067810976901886
2020,const,edge,"[0.15, 1.0)",401,0.761457718267021,0.5943877551020408,0.13171616413511675
2020,cap,probability,"[0.5, 0.55)",2928,0.523830656484268,0.4906054279749478,-0.06222056631892697
2020,cap,probability,"[0.55, 0.6)",1497,0.5711911893400989,0.49796195652173914,-0.048521284994230876
2020,cap,probability,"[0.6, 0.65)",516,0.6208658258630404,0.5376984126984127,0.025898520084566584
2020,cap,probability,"[0.65, 0.7)",193,0.6684553515146783,0.5238095238095238,9.203921447669692e-18
2020,cap,probability,"[0.7, 0.75)",73,0.7222654290974625,0.5,-0.04483188044831878
2020,cap,probability,"[0.75, 0.8)",45,0.7687341115246735,0.5777777777777777,0.10303030303030304
2020,cap,probability,"[0.8, 0.85)",26,0.8225300952640898,0.8636363636363636,0.5489510489510488
2020,cap,probability,"[0.85, 1.01)",48,0.9239287723648667,0.8333333333333334,0.5909090909090909
2020,cap,edge,"[0.0, 0.02)",1106,0.5337951351848964,0.49171270718232046,-0.060167680420844964
2020,cap,edge,"[0.02, 0.04)",858,0.5531252393061417,0.4958579881656805,-0.05255350709896164
2020,cap,edge,"[0.04, 0.06)",614,0.5733616379513355,0.49833333333333335,-0.04752739117559964
2020,cap,edge,"[0.06, 0.08)",386,0.5930427596454854,0.48548812664907653,-0.07183231276495525
2020,cap,edge,"[0.08, 0.1)",269,0.613356995583407,0.5171102661596958,-0.012504224400135187
2020,cap,edge,"[0.1, 0.15)",328,0.6463621876823676,0.5389408099688473,0.028270509977827055
2020,cap,edge,"[0.15, 1.0)",250,0.7716624928046376,0.6311475409836066,0.2
2020,scale,probability,"[0.5, 0.55)",3520,0.5224481459287363,0.4921829762594094,-0.059245867768595036
2020,scale,probability,"[0.55, 0.6)",1306,0.5699498402345181,0.5085669781931464,-0.0286092162049283
2020,scale,probability,"[0.6, 0.65)",286,0.6199353986721737,0.5642857142857143,0.07565162110616656
2020,scale,probability,"[0.65, 0.7)",101,0.6679119351056799,0.47474747474747475,-0.0918091809180918
2020,scale,probability,"[0.7, 0.75)",41,0.7257990705679734,0.5384615384615384,0.026607538802660764
2020,scale,probability,"[0.75, 0.8)",20,0.7690571856780997,0.65,0.24090909090909088
2020,scale,probability,"[0.8, 0.85)",23,0.8210381190522519,0.8571428571428571,0.5810276679841895
2020,scale,probability,"[0.85, 1.01)",29,0.9132387062107354,0.8275862068965517,0.5799373040752349
2020,scale,edge,"[0.0, 0.02)",1287,0.5329884449401737,0.48415213946117275,-0.07423889242071059
2020,scale,edge,"[0.02, 0.04)",809,0.5529045294379551,0.5226130653266332,-0.0022474435329812295
2020,scale,edge,"[0.04, 0.06)",560,0.5728638810168079,0.5027322404371585,-0.03944805194805195
2020,scale,edge,"[0.06, 0.08)",282,0.5930738936546788,0.5035971223021583,-0.038039974210186976
2020,scale,edge,"[0.08, 0.1)",139,0.6129918681644858,0.5808823529411765,0.1066056245912361
2020,scale,edge,"[0.1, 0.15)",173,0.6456628038843814,0.5207100591715976,-0.005780346820809248
2020,scale,edge,"[0.15, 1.0)",146,0.7745546121384864,0.6524822695035462,0.23723536737235365
2020,affine,probability,"[0.5, 0.55)",3756,0.5218626798883983,0.4940314704286489,-0.055789524639364894
2020,affine,probability,"[0.55, 0.6)",1187,0.5687645108154223,0.5145797598627787,-0.017308723290189173
2020,affine,probability,"[0.6, 0.65)",223,0.621364226044437,0.5205479452054794,-0.006114961271911943
2020,affine,probability,"[0.65, 0.7)",65,0.669767296511828,0.49206349206349204,-0.05874125874125873
2020,affine,probability,"[0.7, 0.75)",36,0.7181394864702075,0.6,0.1414141414141414
2020,affine,probability,"[0.75, 0.8)",23,0.7736519871161187,0.8095238095238095,0.49802371541501955
2020,affine,probability,"[0.8, 0.85)",16,0.8244014121552373,0.6875,0.3125
2020,affine,probability,"[0.85, 1.01)",20,0.9115455700810393,0.95,0.8136363636363635
2020,affine,edge,"[0.0, 0.02)",1343,0.5330286742614545,0.4874524714828897,-0.06796182224328166
2020,affine,edge,"[0.02, 0.04)",798,0.5531593938746794,0.5196950444726811,-0.007746639325586685
2020,affine,edge,"[0.04, 0.06)",454,0.572254283078631,0.4797297297297297,-0.08229875851021226
2020,affine,edge,"[0.06, 0.08)",237,0.5921980668769469,0.575107296137339,0.09627924817798238
2020,affine,edge,"[0.08, 0.1)",108,0.6134767888099688,0.5046728971962616,-0.0361952861952862
2020,affine,edge,"[0.1, 0.15)",131,0.6430098144777386,0.5078125,-0.02984038861901458
2020,affine,edge,"[0.15, 1.0)",120,0.7685867571060937,0.7043478260869566,0.33030303030303027
2020,shrink,probability,"[0.5, 0.55)",2840,0.5238626679399421,0.4888809182209469,-0.06546094750320103
2020,shrink,probability,"[0.55, 0.6)",1530,0.5714466874782826,0.5079681274900398,-0.029768270944741514
2020,shrink,probability,"[0.6, 0.65)",571,0.6208671837091052,0.5107913669064749,-0.024199968157936635
2020,shrink,probability,"[0.65, 0.7)",189,0.6707213765579336,0.5135135135135135,-0.01924001924001924
2020,shrink,probability,"[0.7, 0.75)",79,0.7240846061366277,0.5822784810126582,0.11162255466052932
2020,shrink,probability,"[0.75, 0.8)",40,0.774620482693585,0.5641025641025641,0.07499999999999998
2020,shrink,probability,"[0.8, 0.85)",23,0.8172665295512007,0.7,0.2924901185770751
2020,shrink,probability,"[0.85, 1.01)",54,0.9221813031587851,0.8490566037735849,0.6094276094276094
2020,shrink,edge,"[0.0, 0.02)",1064,0.5338646805857697,0.491395793499044,-0.06083390293916609
2020,shrink,edge,"[0.02, 0.04)",859,0.5530722097833902,0.4929078014184397,-0.05810138639009418
2020,shrink,edge,"[0.04, 0.06)",607,0.5729408330580127,0.49915397631133673,-0.045828965104088654
2020,shrink,edge,"[0.06, 0.08)",437,0.5930750134731041,0.4988399071925754,-0.04701477012689827
2020,shrink,edge,"[0.08, 0.1)",278,0.6128310047363169,0.47794117647058826,-0.08567691301504252
2020,shrink,edge,"[0.1, 0.15)",340,0.6447929732185701,0.5555555555555556,0.05935828877005347
2020,shrink,edge,"[0.15, 1.0)",269,0.7692547608559721,0.6183206106870229,0.1757350456235215
2022,raw,probability,"[0.5, 0.55)",2067,0.523994365117765,0.5029821073558648,-0.038703434929850025
2022,raw,probability,"[0.55, 0.6)",1617,0.5734406704382743,0.5197452229299363,-0.007533591949176359
2022,raw,probability,"[0.6, 0.65)",902,0.6230753249600456,0.5164212910532276,-0.013807700060471682
2022,raw,probability,"[0.65, 0.7)",437,0.6712717812539911,0.5446009389671361,0.0386935718743499
2022,raw,probability,"[0.7, 0.75)",178,0.722656738058521,0.5838150289017341,0.11133810010214501
2022,raw,probability,"[0.75, 0.8)",118,0.7740583726216453,0.5350877192982456,0.020801232665639442
2022,raw,probability,"[0.8, 0.85)",45,0.8236377040239652,0.6,0.14545454545454545
2022,raw,probability,"[0.85, 1.01)",99,0.9172727475851244,0.7171717171717171,0.36914600550964183
2022,raw,edge,"[0.0, 0.02)",772,0.5336158767514156,0.488,-0.06641544983513895
2022,raw,edge,"[0.02, 0.04)",733,0.5538263054586658,0.5336134453781513,0.01823142750837157
2022,raw,edge,"[0.04, 0.06)",680,0.5736819677614623,0.5151975683890577,-0.015909090909090897
2022,raw,edge,"[0.06, 0.08)",529,0.593404175757085,0.5029239766081871,-0.03866643753222202
2022,raw,edge,"[0.08, 0.1)",388,0.6132731510860595,0.5080213903743316,-0.02905342080599812
2022,raw,edge,"[0.1, 0.15)",683,0.6457706669003461,0.5439642324888226,0.03780114468255024
2022,raw,edge,"[0.15, 1.0)",618,0.7605504866063222,0.5891089108910891,0.12224183583406885
2022,const,probability,"[0.5, 0.55)",2502,0.5236598520474133,0.5045118949958983,-0.03589855388416539
2022,const,probability,"[0.55, 0.6)",1668,0.5714279965430609,0.5204460966542751,-0.006213211249182465
2022,const,probability,"[0.6, 0.65)",735,0.6211805662627659,0.5303867403314917,0.01236858379715523
2022,const,probability,"[0.65, 0.7)",267,0.6705906078157802,0.5653846153846154,0.0772897514470548
2022,const,probability,"[0.7, 0.75)",115,0.7234067115680142,0.5135135135135135,-0.018972332015810268
2022,const,probability,"[0.75, 0.8)",63,0.7718378312457929,0.5967741935483871,0.13708513708513703
2022,const,probability,"[0.8, 0.85)",48,0.8233381926827135,0.6666666666666666,0.27272727272727265
2022,const,probability,"[0.85, 1.01)",65,0.9130024952221768,0.7538461538461538,0.4391608391608392
2022,const,edge,"[0.0, 0.02)",936,0.5340511431599951,0.5373626373626373,0.02515540015540016
2022,const,edge,"[0.02, 0.04)",867,0.5540258879246494,0.48812351543942994,-0.06616336374121841
2022,const,edge,"[0.04, 0.06)",667,0.5732174448656148,0.5239567233384853,0.0002725909772386638
2022,const,edge,"[0.06, 0.08)",493,0.5939412657728006,0.5336134453781513,0.018071178314586024
2022,const,edge,"[0.08, 0.1)",320,0.6132055554569399,0.5222929936305732,-0.0028409090909090827
2022,const,edge,"[0.1, 0.15)",471,0.6450130627316076,0.5399568034557235,0.03030303030303031
2022,const,edge,"[0.15, 1.0)",393,0.7650384137377674,0.6191709844559585,0.17881101087207957
2022,cap,probability,"[0.5, 0.55)",2066,0.524010297198149,0.5032322227747389,-0.03823814133591481
2022,cap,probability,"[0.55, 0.6)",1615,0.5734339659351271,0.5197704081632653,-0.007486631016042782
2022,cap,probability,"[0.6, 0.65)",903,0.6230298980179478,0.5158371040723982,-0.014899828853317228
2022,cap,probability,"[0.65, 0.7)",438,0.6713668931310329,0.5433255269320844,0.036322125363221255
2022,cap,probability,"[0.7, 0.75)",178,0.7226163918983626,0.5838150289017341,0.11133810010214501
2022,cap,probability,"[0.75, 0.8)",117,0.7738475878717878,0.5309734513274337,0.013209013209013205
2022,cap,probability,"[0.8, 0.85)",44,0.8218826723888522,0.6136363636363636,0.1714876033057851
2022,cap,probability,"[0.85, 1.01)",102,0.9176147371380764,0.7156862745098039,0.36631016042780745
2022,cap,edge,"[0.0, 0.02)",767,0.5335571089021832,0.487248322147651,-0.06779661016949153
2022,cap,edge,"[0.02, 0.04)",736,0.5537624524439221,0.5313807531380753,0.014081027667984186
2022,cap,edge,"[0.04, 0.06)",680,0.5736696592976475,0.5182370820668692,-0.010294117647058808
2022,cap,edge,"[0.06, 0.08)",529,0.5933388414943863,0.5009746588693957,-0.042275305035229416
2022,cap,edge,"[0.08, 0.1)",388,0.6131618824083215,0.5106951871657754,-0.024133083411433935
2022,cap,edge,"[0.1, 0.15)",684,0.6457765110639274,0.5446428571428571,0.03907496012759169
2022,cap,edge,"[0.15, 1.0)",620,0.7609524731336764,0.587171052631579,0.1186217008797654
2022,scale,probability,"[0.5, 0.55)",2067,0.523994365117765,0.5029821073558648,-0.038703434929850025
2022,scale,probability,"[0.55, 0.6)",1617,0.5734406704382743,0.5197452229299363,-0.007533591949176359
2022,scale,probability,"[0.6, 0.65)",902,0.6230753249600456,0.5164212910532276,-0.013807700060471682
2022,scale,probability,"[0.65, 0.7)",437,0.6712717812539911,0.5446009389671361,0.0386935718743499
2022,scale,probability,"[0.7, 0.75)",178,0.722656738058521,0.5838150289017341,0.11133810010214501
2022,scale,probability,"[0.75, 0.8)",118,0.7740583726216453,0.5350877192982456,0.020801232665639442
2022,scale,probability,"[0.8, 0.85)",45,0.8236377040239652,0.6,0.14545454545454545
2022,scale,probability,"[0.85, 1.01)",99,0.9172727475851244,0.7171717171717171,0.36914600550964183
2022,scale,edge,"[0.0, 0.02)",772,0.5336158767514156,0.488,-0.06641544983513895
2022,scale,edge,"[0.02, 0.04)",733,0.5538263054586658,0.5336134453781513,0.01823142750837157
2022,scale,edge,"[0.04, 0.06)",680,0.5736819677614623,0.5151975683890577,-0.015909090909090897
2022,scale,edge,"[0.06, 0.08)",529,0.593404175757085,0.5029239766081871,-0.03866643753222202
2022,scale,edge,"[0.08, 0.1)",388,0.6132731510860595,0.5080213903743316,-0.02905342080599812
2022,scale,edge,"[0.1, 0.15)",683,0.6457706669003461,0.5439642324888226,0.03780114468255024
2022,scale,edge,"[0.15, 1.0)",618,0.7605504866063222,0.5891089108910891,0.12224183583406885
2022,affine,probability,"[0.5, 0.55)",2549,0.5238317118353277,0.5060386473429952,-0.033061093476942825
2022,affine,probability,"[0.55, 0.6)",1662,0.5716409943377414,0.5152268489745183,-0.015862597090033903
2022,affine,probability,"[0.6, 0.65)",732,0.6208150794879624,0.5382475660639777,0.02707401887729756
2022,affine,probability,"[0.65, 0.7)",252,0.6708190081787585,0.5813008130081301,0.10714285714285714
2022,affine,probability,"[0.7, 0.75)",120,0.7225775485184458,0.5,-0.043939393939393945
2022,affine,probability,"[0.75, 0.8)",54,0.7723751612884517,0.6666666666666666,0.2727272727272727
2022,affine,probability,"[0.8, 0.85)",38,0.8232601184612547,0.5789473684210527,0.10526315789473684
2022,affine,probability,"[0.85, 1.01)",56,0.9076340046772862,0.7857142857142857,0.5
2022,affine,edge,"[0.0, 0.02)",947,0.5337509005992146,0.5275675675675676,0.00700777575117597
2022,affine,edge,"[0.02, 0.04)",872,0.5535665048246697,0.49527186761229314,-0.052856547122602154
2022,affine,edge,"[0.04, 0.06)",687,0.5730041943727826,0.5142857142857142,-0.01759957655154162
2022,affine,edge,"[0.06, 0.08)",460,0.5934774872993344,0.5503355704697986,0.04920948616600791
2022,affine,edge,"[0.08, 0.1)",365,0.6130950571854892,0.5182072829131653,-0.010460772104607715
2022,affine,edge,"[0.1, 0.15)",445,0.6437427210870301,0.541095890410959,0.032482124616956085
2022,affine,edge,"[0.15, 1.0)",369,0.7583553062777567,0.6260387811634349,0.19093372751909338
2022,shrink,probability,"[0.5, 0.55)",2297,0.5239362869072653,0.5053619302949062,-0.03431353148375351
2022,shrink,probability,"[0.55, 0.6)",1648,0.5722153395429207,0.509386733416771,-0.026699029126213584
2022,shrink,probability,"[0.6, 0.65)",835,0.6219742373604703,0.5312883435582823,0.013935764833968425
2022,shrink,probability,"[0.65, 0.7)",340,0.6713687505657481,0.5688622754491018,0.08449197860962568
2022,shrink,probability,"[0.7, 0.75)",135,0.7221918415211367,0.5846153846153846,0.11178451178451176
2022,shrink,probability,"[0.75, 0.8)",81,0.7710584578555281,0.525,0.002244668911335576
2022,shrink,probability,"[0.8, 0.85)",46,0.82373850724138,0.7391304347826086,0.41106719367588934
2022,shrink,probability,"[0.85, 1.01)",81,0.9118052619529922,0.691358024691358,0.31986531986531985
2022,shrink,edge,"[0.0, 0.02)",834,0.5336932716775917,0.5191122071516646,-0.008720296490080654
2022,shrink,edge,"[0.02, 0.04)",836,0.5538380475097959,0.5160493827160494,-0.014354066985645928
2022,shrink,edge,"[0.04, 0.06)",697,0.5738216022582495,0.5310650887573964,0.013434198513108129
2022,shrink,edge,"[0.06, 0.08)",458,0.593102938443315,0.47404063205417607,-0.09190154823342596
2022,shrink,edge,"[0.08, 0.1)",409,0.6131332472985846,0.5497512437810945,0.048677483885307855
2022,shrink,edge,"[0.1, 0.15)",555,0.6454041955240538,0.5414364640883977,0.03292383292383293
2022,shrink,edge,"[0.15, 1.0)",481,0.7617688165048545,0.5911016949152542,0.12606312606312606
2023,raw,probability,"[0.5, 0.55)",2349,0.5242577811446009,0.502129471890971,-0.04137157010720229
2023,raw,probability,"[0.55, 0.6)",1645,0.5726611693841954,0.5036496350364964,-0.038463663995578885
2023,raw,probability,"[0.6, 0.65)",949,0.6215538465627238,0.48472075869336145,-0.07462400613085543
2023,raw,probability,"[0.65, 0.7)",442,0.6720084561611817,0.583710407239819,0.11435623200329083
2023,raw,probability,"[0.7, 0.75)",192,0.720341090221325,0.5235602094240838,-0.0004734848484848388
2023,raw,probability,"[0.75, 0.8)",90,0.7740078958185762,0.5444444444444444,0.03939393939393941
2023,raw,probability,"[0.8, 0.85)",51,0.8249605097153377,0.6078431372549019,0.160427807486631
2023,raw,probability,"[0.85, 1.01)",55,0.8963084840787969,0.7454545454545455,0.4231404958677686
2023,raw,edge,"[0.0, 0.02)",942,0.5335983614628657,0.5095541401273885,-0.027214823393167335
2023,raw,edge,"[0.02, 0.04)",806,0.5538351883163066,0.49627791563275436,-0.05256034288292352
2023,raw,edge,"[0.04, 0.06)",656,0.5734331271120202,0.5304878048780488,0.012749445676274954
2023,raw,edge,"[0.06, 0.08)",539,0.5937129850462141,0.483271375464684,-0.07724742789677853
2023,raw,edge,"[0.08, 0.1)",439,0.6131895431770613,0.510250569476082,-0.025885276454752536
2023,raw,edge,"[0.1, 0.15)",654,0.6455400098112619,0.4892966360856269,-0.06588824020016679
2023,raw,edge,"[0.15, 1.0)",580,0.7432010533129163,0.5941278065630398,0.13401253918495296
2023,const,probability,"[0.5, 0.55)",2810,0.523787037088738,0.5005339978640085,-0.04441928178582983
2023,const,probability,"[0.55, 0.6)",1691,0.5721731862107077,0.5088757396449705,-0.028493091769259713
2023,const,probability,"[0.6, 0.65)",704,0.6205272527327437,0.4971590909090909,-0.05087809917355371
2023,const,probability,"[0.65, 0.7)",300,0.6700458372684414,0.5566666666666666,0.06272727272727273
2023,const,probability,"[0.7, 0.75)",119,0.7216613429884106,0.5546218487394958,0.05882352941176466
2023,const,probability,"[0.75, 0.8)",69,0.7736657927893568,0.5882352941176471,0.1212121212121212
2023,const,probability,"[0.8, 0.85)",30,0.8197449831168849,0.6,0.14545454545454548
2023,const,probability,"[0.85, 1.01)",50,0.9087169655946926,0.78,0.4890909090909091
2023,const,edge,"[0.0, 0.02)",1071,0.533834131770569,0.5112149532710281,-0.02402172990408284
2023,const,edge,"[0.02, 0.04)",873,0.5534887764490746,0.5063001145475372,-0.03342705404561074
2023,const,edge,"[0.04, 0.06)",658,0.573475622048164,0.5151975683890577,-0.01644100580270794
2023,const,edge,"[0.06, 0.08)",536,0.5930856823958027,0.491588785046729,-0.06139755766621438
2023,const,edge,"[0.08, 0.1)",323,0.6129699251292413,0.48606811145510836,-0.07205178722206586
2023,const,edge,"[0.1, 0.15)",473,0.6457037700825377,0.53276955602537,0.017105516048433606
2023,const,edge,"[0.15, 1.0)",380,0.7525605481221932,0.5989445910290238,0.14306220095693778
2023,cap,probability,"[0.5, 0.55)",2342,0.5242539337918906,0.5010679196924391,-0.043397251766167225
2023,cap,probability,"[0.55, 0.6)",1646,0.5726848567948474,0.505775075987842,-0.03440848337567656
2023,cap,probability,"[0.6, 0.65)",941,0.6215258646313142,0.4824654622741764,-0.07892957202202684
2023,cap,probability,"[0.65, 0.7)",443,0.6719120781247377,0.5778781038374717,0.10322183459880978
2023,cap,probability,"[0.7, 0.75)",193,0.720065572616954,0.5233160621761658,-0.0009420631182289182
2023,cap,probability,"[0.75, 0.8)",94,0.7725578954414544,0.5591397849462365,0.06673114119922632
2023,cap,probability,"[0.8, 0.85)",53,0.8251874893922085,0.6037735849056604,0.15265866209262433
2023,cap,probability,"[0.85, 1.01)",61,0.9020880915648296,0.7540983606557377,0.4396423248882266
2023,cap,edge,"[0.0, 0.02)",938,0.5335552099527596,0.5090715048025614,-0.02810622213607288
2023,cap,edge,"[0.02, 0.04)",806,0.553815954150157,0.49255583126550867,-0.059666140311301595
2023,cap,edge,"[0.04, 0.06)",656,0.5733788307174318,0.5335365853658537,0.018569844789357
2023,cap,edge,"[0.06, 0.08)",539,0.593712125526325,0.49070631970260226,-0.06307977736549164
2023,cap,edge,"[0.08, 0.1)",437,0.6132483576883073,0.5034324942791762,-0.0389016018306636
2023,cap,edge,"[0.1, 0.15)",653,0.6456583305438669,0.4885145482388974,-0.06738131699846861
2023,cap,edge,"[0.15, 1.0)",591,0.7456504740134727,0.5949152542372881,0.1355176126749731
2023,scale,probability,"[0.5, 0.55)",2349,0.5242577811446009,0.502129471890971,-0.04137157010720229
2023,scale,probability,"[0.55, 0.6)",1645,0.5726611693841954,0.5036496350364964,-0.038463663995578885
2023,scale,probability,"[0.6, 0.65)",949,0.6215538465627238,0.48472075869336145,-0.07462400613085543
2023,scale,probability,"[0.65, 0.7)",442,0.6720084561611817,0.583710407239819,0.11435623200329083
2023,scale,probability,"[0.7, 0.75)",192,0.720341090221325,0.5235602094240838,-0.0004734848484848388
2023,scale,probability,"[0.75, 0.8)",90,0.7740078958185762,0.5444444444444444,0.03939393939393941
2023,scale,probability,"[0.8, 0.85)",51,0.8249605097153377,0.6078431372549019,0.160427807486631
2023,scale,probability,"[0.85, 1.01)",55,0.8963084840787969,0.7454545454545455,0.4231404958677686
2023,scale,edge,"[0.0, 0.02)",942,0.5335983614628657,0.5095541401273885,-0.027214823393167335
2023,scale,edge,"[0.02, 0.04)",806,0.5538351883163066,0.49627791563275436,-0.05256034288292352
2023,scale,edge,"[0.04, 0.06)",656,0.5734331271120202,0.5304878048780488,0.012749445676274954
2023,scale,edge,"[0.06, 0.08)",539,0.5937129850462141,0.483271375464684,-0.07724742789677853
2023,scale,edge,"[0.08, 0.1)",439,0.6131895431770613,0.510250569476082,-0.025885276454752536
2023,scale,edge,"[0.1, 0.15)",654,0.6455400098112619,0.4892966360856269,-0.06588824020016679
2023,scale,edge,"[0.15, 1.0)",580,0.7432010533129163,0.5941278065630398,0.13401253918495296
2023,affine,probability,"[0.5, 0.55)",2882,0.5239111701178681,0.4984380423464075,-0.04841965806573717
2023,affine,probability,"[0.55, 0.6)",1701,0.5724389578094469,0.51,-0.026348137459248567
2023,affine,probability,"[0.6, 0.65)",716,0.6214055928986391,0.5139664804469274,-0.01879126460132047
2023,affine,probability,"[0.65, 0.7)",265,0.6701426273394995,0.5547169811320755,0.05900514579759863
2023,affine,probability,"[0.7, 0.75)",101,0.7224236278768517,0.54,0.03060306030603062
2023,affine,probability,"[0.75, 0.8)",57,0.7749772961484129,0.6491228070175439,0.2392344497607655
2023,affine,probability,"[0.8, 0.85)",30,0.8218887485827823,0.7333333333333333,0.39999999999999986
2023,affine,probability,"[0.85, 1.01)",21,0.8997842902791268,0.7142857142857143,0.3636363636363636
2023,affine,edge,"[0.0, 0.02)",1077,0.5335423249563027,0.5069637883008357,-0.03216004051658647
2023,affine,edge,"[0.02, 0.04)",901,0.5529931500236474,0.5061043285238623,-0.03380082736353546
2023,affine,edge,"[0.04, 0.06)",693,0.5736734198336652,0.5028901734104047,-0.03987931260658534
2023,affine,edge,"[0.06, 0.08)",522,0.5933915705220055,0.5038314176245211,-0.03814002089864159
2023,affine,edge,"[0.08, 0.1)",325,0.613376320323753,0.4646153846153846,-0.113006993006993
2023,affine,edge,"[0.1, 0.15)",467,0.6449954485773919,0.5588865096359743,0.06696515475958731
2023,affine,edge,"[0.15, 1.0)",308,0.741830059380654,0.6026058631921825,0.1499409681227863
2023,shrink,probability,"[0.5, 0.55)",2687,0.5240317945216624,0.4985107967237528,-0.04827959535812159
2023,shrink,probability,"[0.55, 0.6)",1699,0.5726800165679854,0.5100117785630153,-0.02632564610198512
2023,shrink,probability,"[0.6, 0.65)",765,0.6209695929388189,0.49673202614379086,-0.051693404634581094
2023,shrink,probability,"[0.65, 0.7)",341,0.6708532508470676,0.5542521994134897,0.058117835243934955
2023,shrink,probability,"[0.7, 0.75)",120,0.7210793912081422,0.575,0.09772727272727272
2023,shrink,probability,"[0.75, 0.8)",77,0.7707547770895444,0.6052631578947368,0.153482880755608
2023,shrink,probability,"[0.8, 0.85)",37,0.8204462084142442,0.5675675675675675,0.08353808353808354
2023,shrink,probability,"[0.85, 1.01)",47,0.9037811630163328,0.7659574468085106,0.46228239845261127
2023,shrink,edge,"[0.0, 0.02)",1019,0.5335251679460237,0.5078585461689588,-0.030421982335623154
2023,shrink,edge,"[0.02, 0.04)",889,0.5534260641288676,0.5095613048368954,-0.02720114531138153
2023,shrink,edge,"[0.04, 0.06)",666,0.5737737058553252,0.5,-0.04545454545454545
2023,shrink,edge,"[0.06, 0.08)",535,0.5935260813318775,0.5,-0.04536958368734069
2023,shrink,edge,"[0.08, 0.1)",364,0.6129816106120494,0.4725274725274725,-0.09790209790209792
2023,shrink,edge,"[0.1, 0.15)",518,0.6459573361203564,0.5463320463320464,0.042997542997543006
2023,shrink,edge,"[0.15, 1.0)",416,0.7481565785686339,0.5855421686746988,0.11756993006993006
2024,raw,probability,"[0.5, 0.55)",2018,0.524087185442821,0.5014866204162537,-0.04261645193260654
2024,raw,probability,"[0.55, 0.6)",1503,0.5732568881833134,0.5089820359281437,-0.028307022318998357
2024,raw,probability,"[0.6, 0.65)",918,0.6229233399934979,0.5108932461873639,-0.02465834818775994
2024,raw,probability,"[0.65, 0.7)",457,0.672236062693254,0.5229759299781181,-0.001591406405410792
2024,raw,probability,"[0.7, 0.75)",198,0.7193717057716552,0.48484848484848486,-0.07438016528925617
2024,raw,probability,"[0.75, 0.8)",117,0.7712400489292771,0.5555555555555556,0.0606060606060606
2024,raw,probability,"[0.8, 0.85)",49,0.8231830866638895,0.3673469387755102,-0.2987012987012987
2024,raw,probability,"[0.85, 1.01)",49,0.9016480304251768,0.5306122448979592,0.012987012987012983
2024,raw,edge,"[0.0, 0.02)",817,0.5332001730157735,0.48714810281517745,-0.06998998553466118
2024,raw,edge,"[0.02, 0.04)",688,0.5534637951373894,0.5087209302325582,-0.02880549682875264
2024,raw,edge,"[0.04, 0.06)",635,0.5737098282416818,0.5322834645669291,0.016177523264137437
2024,raw,edge,"[0.06, 0.08)",480,0.5933548313147569,0.49583333333333335,-0.05340909090909091
2024,raw,edge,"[0.08, 0.1)",422,0.6136340512663697,0.5165876777251185,-0.013787160706591986
2024,raw,edge,"[0.1, 0.15)",675,0.6456403421498044,0.5022222222222222,-0.04121212121212121
2024,raw,edge,"[0.15, 1.0)",615,0.7410400981540882,0.5154471544715448,-0.015964523281596456
2024,const,probability,"[0.5, 0.55)",2486,0.5233545968477407,0.498793242156074,-0.0477583558838587
2024,const,probability,"[0.55, 0.6)",1583,0.5719449864834307,0.5198989260897031,-0.00746568655602136
2024,const,probability,"[0.6, 0.65)",746,0.6216440265156178,0.5053619302949062,-0.03521813307336095
2024,const,probability,"[0.65, 0.7)",254,0.6714965414691519,0.5196850393700787,-0.007874015748031496
2024,const,probability,"[0.7, 0.75)",110,0.7226931616271999,0.5,-0.045454545454545456
2024,const,probability,"[0.75, 0.8)",60,0.7737294906436942,0.45,-0.14090909090909093
2024,const,probability,"[0.8, 0.85)",40,0.8225912151712269,0.475,-0.09318181818181817
2024,const,probability,"[0.85, 1.01)",30,0.8917506213275324,0.5666666666666667,0.08181818181818182
2024,const,edge,"[0.0, 0.02)",948,0.533367959131135,0.5031645569620253,-0.039413118527042566
2024,const,edge,"[0.02, 0.04)",792,0.5536026450902777,0.5037878787878788,-0.03822314049586776
2024,const,edge,"[0.04, 0.06)",645,0.5733328010082461,0.5193798449612403,-0.008456659619450316
2024,const,edge,"[0.06, 0.08)",468,0.5931549313042945,0.5213675213675214,-0.004662004662004658
2024,const,edge,"[0.08, 0.1)",359,0.6135822303417137,0.5069637883008357,-0.03216004051658648
2024,const,edge,"[0.1, 0.15)",455,0.6442680625671343,0.512087912087912,-0.022377622377622367
2024,const,edge,"[0.15, 1.0)",347,0.7461384852741366,0.49279538904899134,-0.05920880272465286
2024,cap,probability,"[0.5, 0.55)",2016,0.5240887678643212,0.501984126984127,-0.041666666666666664
2024,cap,probability,"[0.55, 0.6)",1500,0.5733190774972818,0.5086666666666667,-0.0289090909090909
2024,cap,probability,"[0.6, 0.65)",920,0.6228542312188945,0.5108695652173914,-0.02470355731225296
2024,cap,probability,"[0.65, 0.7)",454,0.6722171174109637,0.5242290748898678,0.0008009611533840562
2024,cap,probability,"[0.7, 0.75)",201,0.7192219184659717,0.48756218905472637,-0.06919945725915874
2024,cap,probability,"[0.75, 0.8)",115,0.7717142236366359,0.5304347826086957,0.012648221343873523
2024,cap,probability,"[0.8, 0.85)",53,0.8239474589933188,0.39622641509433965,-0.2435677530017153
2024,cap,probability,"[0.85, 1.01)",50,0.9015565128690247,0.54,0.030909090909090903
2024,cap,edge,"[0.0, 0.02)",816,0.5331752637231365,0.48651960784313725,-0.07118983957219252
2024,cap,edge,"[0.02, 0.04)",687,0.5534401573556428,0.5109170305676856,-0.024612941643509332
2024,cap,edge,"[0.04, 0.06)",631,0.5737167772374321,0.5324881141045958,0.016568217836046676
2024,cap,edge,"[0.06, 0.08)",483,0.5933501387054096,0.494824016563147,-0.05533596837944664
2024,cap,edge,"[0.08, 0.1)",425,0.6136058892467395,0.5152941176470588,-0.0162566844919786
2024,cap,edge,"[0.1, 0.15)",674,0.6456401256659762,0.5029673590504451,-0.03978958726733207
2024,cap,edge,"[0.15, 1.0)",618,0.7420445151610783,0.5145631067961165,-0.017652250661959402
2024,scale,probability,"[0.5, 0.55)",2018,0.524087185442821,0.5014866204162537,-0.04261645193260654
2024,scale,probability,"[0.55, 0.6)",1503,0.5732568881833134,0.5089820359281437,-0.028307022318998357
2024,scale,probability,"[0.6, 0.65)",918,0.6229233399934979,0.5108932461873639,-0.02465834818775994
2024,scale,probability,"[0.65, 0.7)",457,0.672236062693254,0.5229759299781181,-0.001591406405410792
2024,scale,probability,"[0.7, 0.75)",198,0.7193717057716552,0.48484848484848486,-0.07438016528925617
2024,scale,probability,"[0.75, 0.8)",117,0.7712400489292771,0.5555555555555556,0.0606060606060606
2024,scale,probability,"[0.8, 0.85)",49,0.8231830866638895,0.3673469387755102,-0.2987012987012987
2024,scale,probability,"[0.85, 1.01)",49,0.9016480304251768,0.5306122448979592,0.012987012987012983
2024,scale,edge,"[0.0, 0.02)",817,0.5332001730157735,0.48714810281517745,-0.06998998553466118
2024,scale,edge,"[0.02, 0.04)",688,0.5534637951373894,0.5087209302325582,-0.02880549682875264
2024,scale,edge,"[0.04, 0.06)",635,0.5737098282416818,0.5322834645669291,0.016177523264137437
2024,scale,edge,"[0.06, 0.08)",480,0.5933548313147569,0.49583333333333335,-0.05340909090909091
2024,scale,edge,"[0.08, 0.1)",422,0.6136340512663697,0.5165876777251185,-0.013787160706591986
2024,scale,edge,"[0.1, 0.15)",675,0.6456403421498044,0.5022222222222222,-0.04121212121212121
2024,scale,edge,"[0.15, 1.0)",615,0.7410400981540882,0.5154471544715448,-0.015964523281596456
2024,affine,probability,"[0.5, 0.55)",2476,0.523558406494156,0.5,-0.04545454545454545
2024,affine,probability,"[0.55, 0.6)",1594,0.5721155665492605,0.5144291091593476,-0.017908064332154666
2024,affine,probability,"[0.6, 0.65)",753,0.620953615333926,0.5112881806108898,-0.02390438247011951
2024,affine,probability,"[0.65, 0.7)",272,0.6702049083914885,0.5183823529411765,-0.01036096256684492
2024,affine,probability,"[0.7, 0.75)",110,0.7213622253302737,0.509090909090909,-0.028099173553719017
2024,affine,probability,"[0.75, 0.8)",57,0.7684894972174906,0.45614035087719296,-0.1291866028708134
2024,affine,probability,"[0.8, 0.85)",28,0.8231258662467275,0.5,-0.04545454545454545
2024,affine,probability,"[0.85, 1.01)",19,0.8898515216803672,0.5263157894736842,0.004784688995215278
2024,affine,edge,"[0.0, 0.02)",957,0.5336513314522607,0.5088819226750261,-0.028498147620404674
2024,affine,edge,"[0.02, 0.04)",805,0.5539278620141508,0.5254658385093167,0.0031620553359683855
2024,affine,edge,"[0.04, 0.06)",624,0.573571258361639,0.4983974358974359,-0.04851398601398603
2024,affine,edge,"[0.06, 0.08)",495,0.5934124831055538,0.5131313131313131,-0.020385674931129475
2024,affine,edge,"[0.08, 0.1)",354,0.6131431330564885,0.5028248587570622,-0.040061633281972264
2024,affine,edge,"[0.1, 0.15)",481,0.64538140023922,0.525987525987526,0.004158004158004154
2024,affine,edge,"[0.15, 1.0)",311,0.7380283793599148,0.4790996784565916,-0.08535515931014323
2024,shrink,probability,"[0.5, 0.55)",2376,0.5235208058633289,0.49915824915824913,-0.047061524334251606
2024,shrink,probability,"[0.55, 0.6)",1604,0.5727693724583689,0.5155860349127181,-0.0156993878939016
2024,shrink,probability,"[0.6, 0.65)",770,0.6223163701852541,0.5116883116883116,-0.02314049586776858
2024,shrink,probability,"[0.65, 0.7)",298,0.6714340300485706,0.5335570469798657,0.01860890787065283
2024,shrink,probability,"[0.7, 0.75)",122,0.7220415341117402,0.48360655737704916,-0.07675111773472429
2024,shrink,probability,"[0.75, 0.8)",65,0.7735649226732224,0.38461538461538464,-0.26573426573426573
2024,shrink,probability,"[0.8, 0.85)",41,0.8224121105499561,0.5609756097560976,0.07095343680709536
2024,shrink,probability,"[0.85, 1.01)",33,0.8878344338988424,0.5151515151515151,-0.016528925619834718
2024,shrink,edge,"[0.0, 0.02)",929,0.5335347519231596,0.5026910656620022,-0.040317056463450435
2024,shrink,edge,"[0.02, 0.04)",765,0.5538884004076897,0.5058823529411764,-0.034224598930481284
2024,shrink,edge,"[0.04, 0.06)",653,0.5738324149542646,0.5206738131699847,-0.005986356675483785
2024,shrink,edge,"[0.06, 0.08)",478,0.5934784630414156,0.5167364016736402,-0.013503233168505137
2024,shrink,edge,"[0.08, 0.1)",361,0.6135256274792137,0.4986149584487535,-0.04809871568874338
2024,shrink,edge,"[0.1, 0.15)",512,0.6440454019837101,0.517578125,-0.01189630681818182
2024,shrink,edge,"[0.15, 1.0)",389,0.7431799796645954,0.493573264781491,-0.057723767235335344
2025,raw,probability,"[0.5, 0.55)",2284,0.5246875999903771,0.4964973730297723,-0.05214137876134373
2025,raw,probability,"[0.55, 0.6)",1624,0.573247844005566,0.4938423645320197,-0.05721003134796238
2025,raw,probability,"[0.6, 0.65)",885,0.6222312606816084,0.511864406779661,-0.022804314329738055
2025,raw,probability,"[0.65, 0.7)",382,0.6715775084375012,0.5445026178010471,0.039504997620180865
2025,raw,probability,"[0.7, 0.75)",150,0.7226237673754938,0.5,-0.04545454545454548
2025,raw,probability,"[0.75, 0.8)",63,0.7732999044133401,0.5238095238095238,0.0
2025,raw,probability,"[0.8, 0.85)",30,0.8195389600214338,0.3333333333333333,-0.36363636363636365
2025,raw,probability,"[0.85, 1.01)",19,0.8901382494094039,0.47368421052631576,-0.0956937799043062
2025,raw,edge,"[0.0, 0.02)",923,0.5338849277918535,0.5081256771397616,-0.02994188909681867
2025,raw,edge,"[0.02, 0.04)",778,0.5535102790047768,0.4820051413881748,-0.07980836644075719
2025,raw,edge,"[0.04, 0.06)",622,0.5732111652175762,0.4807073954983923,-0.0822858813212511
2025,raw,edge,"[0.06, 0.08)",565,0.5933991383198509,0.5008849557522124,-0.043765084473049075
2025,raw,edge,"[0.08, 0.1)",407,0.6135321820708752,0.5061425061425061,-0.0337279428188519
2025,raw,edge,"[0.1, 0.15)",609,0.6450589154364309,0.5320197044334976,0.015673981191222576
2025,raw,edge,"[0.15, 1.0)",423,0.7307237131631346,0.508274231678487,-0.02965828497743391
2025,const,probability,"[0.5, 0.55)",2603,0.5245173381201595,0.49635036496350365,-0.0524220305242203
2025,const,probability,"[0.55, 0.6)",1629,0.5732775368201477,0.4972375690607735,-0.05072827724761426
2025,const,probability,"[0.6, 0.65)",700,0.6207899598416894,0.5171428571428571,-0.012727272727272736
2025,const,probability,"[0.65, 0.7)",298,0.6714496126755186,0.5369127516778524,0.025015253203172667
2025,const,probability,"[0.7, 0.75)",109,0.7187784250074959,0.5229357798165137,-0.001668056713928265
2025,const,probability,"[0.75, 0.8)",68,0.7692186607207305,0.47058823529411764,-0.10160427807486631
2025,const,probability,"[0.8, 0.85)",18,0.8188512726192819,0.3888888888888889,-0.25757575757575757
2025,const,probability,"[0.85, 1.01)",12,0.9008703428009905,0.3333333333333333,-0.3636363636363636
2025,const,edge,"[0.0, 0.02)",1012,0.5337396831451626,0.4871541501976285,-0.0699784405318002
2025,const,edge,"[0.02, 0.04)",807,0.5530265364253086,0.4969021065675341,-0.05136870564379857
2025,const,edge,"[0.04, 0.06)",655,0.5731206013669984,0.5053435114503817,-0.03525329632199862
2025,const,edge,"[0.06, 0.08)",542,0.592975766110058,0.48523985239852396,-0.0736330090573633
2025,const,edge,"[0.08, 0.1)",346,0.6133507423640778,0.5375722543352601,0.02627430373095113
2025,const,edge,"[0.1, 0.15)",449,0.6450941033215147,0.5055679287305123,-0.03482486333265843
2025,const,edge,"[0.15, 1.0)",335,0.7278932848188002,0.5194029850746269,-0.008412483039348707
2025,cap,probability,"[0.5, 0.55)",2282,0.5247039857227263,0.49693251533742333,-0.0513106525376464
2025,cap,probability,"[0.55, 0.6)",1620,0.5732356163510378,0.49320987654320986,-0.05841750841750841
2025,cap,probability,"[0.6, 0.65)",880,0.6222724426137708,0.5136363636363637,-0.01942148760330577
2025,cap,probability,"[0.65, 0.7)",386,0.6714409166519723,0.5414507772020726,0.03367875647668394
2025,cap,probability,"[0.7, 0.75)",155,0.7225681793703608,0.49032258064516127,-0.06392961876832845
2025,cap,probability,"[0.75, 0.8)",64,0.7726115691544373,0.546875,0.044034090909090925
2025,cap,probability,"[0.8, 0.85)",31,0.8189890381604699,0.3225806451612903,-0.3841642228739004
2025,cap,probability,"[0.85, 1.01)",19,0.891939479096679,0.47368421052631576,-0.0956937799043062
2025,cap,edge,"[0.0, 0.02)",922,0.5338844113760062,0.5097613882863341,-0.02681916781699862
2025,cap,edge,"[0.02, 0.04)",778,0.5535175992419894,0.4794344473007712,-0.08471605515307315
2025,cap,edge,"[0.04, 0.06)",621,0.5732146564905732,0.48470209339774556,-0.07465963987703117
2025,cap,edge,"[0.06, 0.08)",563,0.5933790693908391,0.49733570159857904,-0.050540933311803635
2025,cap,edge,"[0.08, 0.1)",405,0.6135307944869138,0.5061728395061729,-0.03367003367003366
2025,cap,edge,"[0.1, 0.15)",609,0.6453210139305258,0.5320197044334976,0.01567398119122258
2025,cap,edge,"[0.15, 1.0)",431,0.7306206381986827,0.5104408352668214,-0.02552204176334106
2025,scale,probability,"[0.5, 0.55)",2284,0.5246875999903771,0.4964973730297723,-0.05214137876134373
2025,scale,probability,"[0.55, 0.6)",1624,0.573247844005566,0.4938423645320197,-0.05721003134796238
2025,scale,probability,"[0.6, 0.65)",885,0.6222312606816084,0.511864406779661,-0.022804314329738055
2025,scale,probability,"[0.65, 0.7)",382,0.6715775084375012,0.5445026178010471,0.039504997620180865
2025,scale,probability,"[0.7, 0.75)",150,0.7226237673754938,0.5,-0.04545454545454548
2025,scale,probability,"[0.75, 0.8)",63,0.7732999044133401,0.5238095238095238,0.0
2025,scale,probability,"[0.8, 0.85)",30,0.8195389600214338,0.3333333333333333,-0.36363636363636365
2025,scale,probability,"[0.85, 1.01)",19,0.8901382494094039,0.47368421052631576,-0.0956937799043062
2025,scale,edge,"[0.0, 0.02)",923,0.5338849277918535,0.5081256771397616,-0.02994188909681867
2025,scale,edge,"[0.02, 0.04)",778,0.5535102790047768,0.4820051413881748,-0.07980836644075719
2025,scale,edge,"[0.04, 0.06)",622,0.5732111652175762,0.4807073954983923,-0.0822858813212511
2025,scale,edge,"[0.06, 0.08)",565,0.5933991383198509,0.5008849557522124,-0.043765084473049075
2025,scale,edge,"[0.08, 0.1)",407,0.6135321820708752,0.5061425061425061,-0.0337279428188519
2025,scale,edge,"[0.1, 0.15)",609,0.6450589154364309,0.5320197044334976,0.015673981191222576
2025,scale,edge,"[0.15, 1.0)",423,0.7307237131631346,0.508274231678487,-0.02965828497743391
2025,affine,probability,"[0.5, 0.55)",2754,0.5240581364840683,0.4970951343500363,-0.05100019805902158
2025,affine,probability,"[0.55, 0.6)",1655,0.5722569957288307,0.49486404833836856,-0.055259544081296345
2025,affine,probability,"[0.6, 0.65)",670,0.6202016945828335,0.5238805970149254,0.00013568521031207984
2025,affine,probability,"[0.65, 0.7)",227,0.6698464643659313,0.5418502202643172,0.03444132959551462
2025,affine,probability,"[0.7, 0.75)",81,0.7210758538859265,0.5308641975308642,0.013468013468013478
2025,affine,probability,"[0.75, 0.8)",34,0.7696557997686281,0.38235294117647056,-0.27005347593582885
2025,affine,probability,"[0.8, 0.85)",9,0.8217545022306925,0.4444444444444444,-0.1515151515151515
2025,affine,probability,"[0.85, 1.01)",7,0.8822123167875082,0.2857142857142857,-0.45454545454545453
2025,affine,edge,"[0.0, 0.02)",1092,0.53375402995817,0.4807692307692308,-0.08216783216783216
2025,affine,edge,"[0.02, 0.04)",825,0.5533175226680875,0.48848484848484847,-0.0674380165289256
2025,affine,edge,"[0.04, 0.06)",691,0.5733281604356929,0.49782923299565845,-0.04959873700828838
2025,affine,edge,"[0.06, 0.08)",495,0.5933647718681402,0.5171717171717172,-0.012672176308539942
2025,affine,edge,"[0.08, 0.1)",327,0.6131482333012536,0.5137614678899083,-0.019182652210175136
2025,affine,edge,"[0.1, 0.15)",402,0.6441772932671933,0.5398009950248757,0.0305291723202171
2025,affine,edge,"[0.15, 1.0)",215,0.724312951335932,0.48372093023255813,-0.07653276955602538
2025,shrink,probability,"[0.5, 0.55)",2516,0.524466487003909,0.49642289348171703,-0.05228356698944934
2025,shrink,probability,"[0.55, 0.6)",1636,0.5729644332916324,0.4993887530562347,-0.04662147143809734
2025,shrink,probability,"[0.6, 0.65)",759,0.6206760561898537,0.5191040843214756,-0.008983111749910176
2025,shrink,probability,"[0.65, 0.7)",320,0.6719174279956109,0.51875,-0.009659090909090895
2025,shrink,probability,"[0.7, 0.75)",108,0.7205559699310446,0.5,-0.04545454545454545
2025,shrink,probability,"[0.75, 0.8)",69,0.7708466100597344,0.4782608695652174,-0.08695652173913042
2025,shrink,probability,"[0.8, 0.85)",17,0.8220886868802781,0.4117647058823529,-0.213903743315508
2025,shrink,probability,"[0.85, 1.01)",12,0.9012188268200498,0.3333333333333333,-0.3636363636363636
2025,shrink,edge,"[0.0, 0.02)",1003,0.5338120376383726,0.4935194416749751,-0.057826520438683936
2025,shrink,edge,"[0.02, 0.04)",808,0.553289832597577,0.4876237623762376,-0.06908190819081907
2025,shrink,edge,"[0.04, 0.06)",648,0.5735091084073285,0.5061728395061729,-0.033670033670033676
2025,shrink,edge,"[0.06, 0.08)",543,0.5933093280219697,0.4953959484346225,-0.054244098442993466
2025,shrink,edge,"[0.08, 0.1)",359,0.6131829229864498,0.5097493036211699,-0.02684223854140288
2025,shrink,edge,"[0.1, 0.15)",489,0.6447622107572112,0.5316973415132924,0.015058561070831021
2025,shrink,edge,"[0.15, 1.0)",346,0.7275349806351408,0.5057803468208093,-0.03441933788754598
